region,date_q,yq,gdp_growth_qoq,UNEMP,inflation_yoy,POL,term_spread,recession,recession_next
EA19,1995-03-31,1995 Q1,NA,10.6,NA,NA,1.8499999999999996,NA,0
EA19,1995-06-30,1995 Q2,0.7933819898189753,10.6,NA,NA,1.67,0,0
EA19,1995-09-30,1995 Q3,0.2647217832544513,10.7,NA,NA,1.8599999999999994,0,0
EA19,1995-12-31,1995 Q4,0.20272266726149013,10.7,NA,NA,1.5,0,0
EA19,1996-03-31,1996 Q1,0.15188122127973713,10.8,NA,NA,2.33,0,0
EA19,1996-06-30,1996 Q2,0.7900706917789435,10.8,NA,NA,2.4299999999999997,0,0
EA19,1996-09-30,1996 Q3,0.48434220858073473,10.8,NA,NA,2.2699999999999996,0,0
EA19,1996-12-31,1996 Q4,0.5419706435345617,10.8,NA,NA,1.8099999999999996,0,0
EA19,1997-03-31,1997 Q1,0.2926062843815913,10.8,1.661933370477886,NA,1.8200000000000003,0,0
EA19,1997-06-30,1997 Q2,1.1909937072021037,10.8,1.5027415110782982,NA,1.7999999999999998,0,0
EA19,1997-09-30,1997 Q3,0.7754650368264393,10.7,1.6795453448048114,NA,1.3500000000000005,0,0
EA19,1997-12-31,1997 Q4,1.051474328339097,10.6,1.5905182813359175,NA,1.0899999999999999,0,0
EA19,1998-03-31,1998 Q1,0.7154599742310808,10.5,1.2388320856952184,NA,0.8999999999999995,0,0
EA19,1998-06-30,1998 Q2,0.3875980685155156,10.5,1.4532748231456338,NA,0.8900000000000006,0,0
EA19,1998-09-30,1998 Q3,0.5221082405736155,10.4,1.1223769615893886,NA,0.3399999999999994,0,0
EA19,1998-12-31,1998 Q4,0.30549015579541816,10.2,0.8335089589077249,NA,0.5800000000000001,0,0
EA19,1999-03-31,1999 Q1,1.0072743859156574,9.9,1.020764222165571,2,1.1342887826086994,0,0
EA19,1999-06-30,1999 Q2,0.4764673392633867,9.8,0.9347761625413398,1.5,1.8999696818181797,0,0
EA19,1999-09-30,1999 Q3,1.3128466133400352,9.7,1.2981926739633387,1.5,2.5086536363636402,0,0
EA19,1999-12-31,1999 Q4,1.0595690862711393,9.5,1.806953155148694,2,1.85831106719368,0,0
EA19,2000-03-31,2000 Q1,1.2604897017164163,9.2,2.037330887799005,2.5,1.7435853043478295,0,0
EA19,2000-06-30,2000 Q2,0.9102717676316985,9,2.1873371390726426,3.25,0.8436478636363702,0,0
EA19,2000-09-30,2000 Q3,0.665450937385792,8.8,2.4289468057598462,3.5,0.6143751428571509,0,0
EA19,2000-12-31,2000 Q4,0.47540175113685024,8.6,2.533451237504014,3.75,0.12886858145364055,0,0
EA19,2001-03-31,2001 Q1,1.0974764074385135,8.4,2.2304781934522566,3.75,0.22948604545454998,0,0
EA19,2001-06-30,2001 Q2,0.04057661855618733,8.4,2.8866911430184494,3.5,0.75471628571428,0,0
EA19,2001-09-30,2001 Q3,0.20794008696061184,8.4,2.2432058912988495,2.75,1.0545785000000008,0,0
EA19,2001-12-31,2001 Q4,-0.05600679160533417,8.5,2.0760206609033105,2.25,1.6138785396825397,0,0
EA19,2002-03-31,2002 Q1,0.21690157866274262,8.5,2.49868851933428,2.25,1.9256610476190494,0,0
EA19,2002-06-30,2002 Q2,0.46160548978821936,8.6,1.8666023506511031,2.25,1.7008675500000003,0,0
EA19,2002-09-30,2002 Q3,0.45116338030339875,8.8,2.118696441109158,2.25,1.21314738095238,0,0
EA19,2002-12-31,2002 Q4,0.18146046428544338,8.9,2.283578697852029,1.75,1.46544604545455,0,0
EA19,2003-03-31,2003 Q1,-0.27506724888279876,9.2,2.388359852436661,1.5,1.5972117619047599,0,0
EA19,2003-06-30,2003 Q2,0.044922410441827765,9.2,2.005173353634593,1,1.5714527142857198,0,0
EA19,2003-09-30,2003 Q3,0.647573434694948,9.2,2.148483758545261,1,2.0845331818181907,0,0
EA19,2003-12-31,2003 Q4,0.6341396965728663,9.3,2.0005606692022226,1,2.20967144927537,0,0
EA19,2004-03-31,2004 Q1,0.5171277659231421,9.5,1.7029508018183037,1,1.9905844782608697,0,0
EA19,2004-06-30,2004 Q2,0.6228737664761397,9.4,2.375987493793641,1,2.3299195454545396,0,0
EA19,2004-09-30,2004 Q3,0.22296102532095574,9.4,2.12735184855406,1,1.99538040909091,0,0
EA19,2004-12-31,2004 Q4,0.4378946282868057,9.4,2.3322910830916754,1,1.5161728260869602,0,0
EA19,2005-03-31,2005 Q1,0.27304099604084087,9.3,2.1630259308705213,1,1.6252666542442995,0,0
EA19,2005-06-30,2005 Q2,0.6049003271721531,9.3,2.0262910201256368,1,1.14306872727273,0,0
EA19,2005-09-30,2005 Q3,0.7420257348414339,9.2,2.564852067314227,1,1.0164013181818197,0,0
EA19,2005-12-31,2005 Q4,0.687482213302637,9.1,2.244100313900077,1.25,0.9361247207792194,0,0
EA19,2006-03-31,2006 Q1,0.9432266823562685,8.8,2.187036023363653,1.5,1.0085736521739195,0,0
EA19,2006-06-30,2006 Q2,1.0912162728256902,8.5,2.4476746426554286,1.75,1.0894067727272696,0,0
EA19,2006-09-30,2006 Q3,0.5376556702113788,8.3,1.7777729574920187,2,0.5044673333333396,0,0
EA19,2006-12-31,2006 Q4,1.1614341798477312,8,1.9087860458419925,2.5,0.2183925689223103,0,0
EA19,2007-03-31,2007 Q1,0.6957664248512074,7.8,1.9350983922527654,2.75,0.1318077727272695,0,0
EA19,2007-06-30,2007 Q2,0.6691581081978981,7.6,1.9046022495734505,3,0.512993428571419,0,0
EA19,2007-09-30,2007 Q3,0.384714674195763,7.5,2.1420438459942126,3,-0.3722953000000002,0,0
EA19,2007-12-31,2007 Q4,0.5093387206972722,7.4,3.058066223780642,3,-0.46660656390977007,0,0
EA19,2008-03-31,2008 Q1,0.6281944466058675,7.4,3.5964218716592278,3,-0.5258561829573898,0,0
EA19,2008-06-30,2008 Q2,-0.49188292314763515,7.6,3.953784455042708,3,-0.13127209523809924,0,1
EA19,2008-09-30,2008 Q3,-0.5422380350253775,7.8,3.641595451654478,3.25,-0.5148834090909107,1,1
EA19,2008-12-31,2008 Q4,-1.7381801072568592,8.4,1.6423626255246404,2,0.5955222567287803,1,1
EA19,2009-03-31,2009 Q1,-3.111349628169968,9.3,0.625310577930005,0.5,2.5065168204653805,1,0
EA19,2009-06-30,2009 Q2,0.004186244168735698,9.7,-0.10864842442099842,0.25,3.0970450026562797,0,0
EA19,2009-09-30,2009 Q3,0.37825250602772087,10,-0.3157152478188152,0.25,3.0948896908345107,0,0
EA19,2009-12-31,2009 Q4,0.4370664897585641,10.2,0.9141428333787616,0.25,3.159577444257566,0,0
EA19,2010-03-31,2010 Q1,0.3897250743770897,10.3,1.540996310522047,0.25,3.34170885214549,0,0
EA19,2010-06-30,2010 Q2,0.9414119080091155,10.3,1.4675994498666078,0.25,2.962238131618471,0,0
EA19,2010-09-30,2010 Q3,0.44021806451493006,10.2,1.8474030503109695,0.25,2.6116166716541804,0,0
EA19,2010-12-31,2010 Q4,0.5962281341069797,10.2,2.1964776537413577,0.25,3.0318036628978,0,0
EA19,2011-03-31,2011 Q1,0.9506233639944739,10.1,2.646134945465217,0.25,3.3124128487035702,0,0
EA19,2011-06-30,2011 Q2,-0.010785343343044929,10.1,2.684583117785788,0.5,2.8857928684435197,0,0
EA19,2011-09-30,2011 Q3,0.021266567038757955,10.5,2.9531781197345452,0.75,2.4980425375427897,0,0
EA19,2011-12-31,2011 Q4,-0.3079956403745143,10.8,2.718126778152996,0.25,2.6665276760789296,0,1
EA19,2012-03-31,2012 Q1,-0.23755963342750874,11.2,2.64943573195513,0.25,2.424310263543224,1,1
EA19,2012-06-30,2012 Q2,-0.35693620881769306,11.5,2.3295219556880298,0.25,2.747137009461367,1,1
EA19,2012-09-30,2012 Q3,-0.13423607081275435,11.7,2.5751615352050727,0,2.1723734334510496,1,1
EA19,2012-12-31,2012 Q4,-0.4300748825546208,12,2.1931822097613463,0,1.9135936778363942,1,1
EA19,2013-03-31,2013 Q1,-0.33543600419836395,12.2,1.7213871791094348,0,2.8207570553043104,1,0
EA19,2013-06-30,2013 Q2,0.6546319720717619,12.2,1.5969613691306783,0,2.85938806120241,0,0
EA19,2013-09-30,2013 Q3,0.2971908267539902,12.1,1.077933169406009,0,3.183854515671715,0,0
EA19,2013-12-31,2013 Q4,0.210541889152438,12,0.8439716527791852,0,3.0394166515365604,0,0
EA19,2014-03-31,2014 Q1,0.472353870038944,12,0.46073799452903685,0,2.580772416754587,0,0
EA19,2014-06-30,2014 Q2,0.23385773777455654,11.6,0.49012351178019387,-0.1,2.033664705188929,0,0
EA19,2014-09-30,2014 Q3,0.48887922309308607,11.6,0.32012832461552065,-0.2,1.752173858783451,0,0
EA19,2014-12-31,2014 Q4,0.37418450338240206,11.5,-0.17022985135177748,-0.2,1.3655711431074882,0,0
EA19,2015-03-31,2015 Q1,0.7468437176004983,11.3,-0.0699755114272449,-0.2,0.9234070132202667,0,0
EA19,2015-06-30,2015 Q2,0.42405977146753315,11.1,0.4976620204512727,-0.2,1.6733638231684609,0,0
EA19,2015-09-30,2015 Q3,0.4241333563610894,10.7,0.19956103210372333,-0.2,1.5169435350818046,0,0
EA19,2015-12-31,2015 Q4,0.5006612353810169,10.6,0.25023785641975493,-0.3,1.318107311251212,0,0
EA19,2016-03-31,2016 Q1,0.4613448162839262,10.3,-0.04000800213406208,-0.4,1.159219110677278,0,0
EA19,2016-06-30,2016 Q2,0.1981822670055422,10.2,0.049630255621924135,-0.4,1.150887257494657,0,0
EA19,2016-09-30,2016 Q3,0.4836388203516506,9.9,0.39793128514808984,-0.4,1.0341788882510148,0,0
EA19,2016-12-31,2016 Q4,0.7582946320452422,9.7,1.0936676916990073,-0.4,1.598971231164355,0,0
EA19,2017-03-31,2017 Q1,0.8006050403400522,9.5,1.519016549397545,-0.4,1.7824845564963367,0,0
EA19,2017-06-30,2017 Q2,0.6636488845234823,9.1,1.291612730416869,-0.4,1.4021102953597602,0,0
EA19,2017-09-30,2017 Q3,0.7279525088952354,8.9,1.5467526732824588,-0.4,1.445302036595082,0,0
EA19,2017-12-31,2017 Q4,0.8136740713325707,8.7,1.3358414929392382,-0.4,1.206921035589615,0,0
EA19,2018-03-31,2018 Q1,0.04046846757983502,8.5,1.3894548387273886,-0.4,1.496302511133762,0,0
EA19,2018-06-30,2018 Q2,0.5080726770986033,8.2,1.9499089930897107,-0.4,1.609378190621609,0,0
EA19,2018-09-30,2018 Q3,0.0749009126291611,8,2.060931151348999,-0.4,1.6380115430823898,0,0
EA19,2018-12-31,2018 Q4,0.5407865106315413,7.9,1.5106319996172068,-0.4,1.522453605271565,0,0
EA19,2019-03-31,2019 Q1,0.7078419160459148,7.7,1.3895813675208757,-0.4,1.301163220578012,0,0
EA19,2019-06-30,2019 Q2,0.3624397686715852,7.5,1.2601598739720998,-0.4,0.902875698638794,0,0
EA19,2019-09-30,2019 Q3,0.1915146168846249,7.5,0.8297219886261864,-0.5,0.46509436118146896,0,0
EA19,2019-12-31,2019 Q4,-0.10404519482918317,7.5,1.317567274921494,-0.5,0.760736461077784,0,1
EA19,2020-03-31,2020 Q1,-3.31491599813738,7.2,0.744704606452995,-0.5,0.7892706899268469,1,1
EA19,2020-06-30,2020 Q2,-11.761400652724419,8.1,0.2652772754157873,-0.5,0.727459291517374,1,0
EA19,2020-09-30,2020 Q3,10.953979402526492,8.6,-0.3139122672889627,-0.5,0.6148273066583899,0,0
EA19,2020-12-31,2020 Q4,0.32766060725908375,8.2,-0.2659323440149741,-0.5,0.44620909243562756,0,0
EA19,2021-03-31,2021 Q1,0.7627393993653087,8.2,1.3228956035367112,-0.5,0.686943194721626,0,0
EA19,2021-06-30,2021 Q2,2.1597486247351583,7.8,1.8839303141087171,-0.5,0.8468823880580341,0,0
EA19,2021-09-30,2021 Q3,1.739531905474223,7.4,3.3078677638580523,-0.5,0.742126652769814,0,0
EA19,2021-12-31,2021 Q4,0.7940637339631351,7,4.84504556360843,-0.5,0.860388526543098,0,0
EA19,2022-03-31,2022 Q1,0.7199671834515087,6.8,7.179878135784978,-0.5,1.548921345416586,0,0
EA19,2022-06-30,2022 Q2,0.9321978175782064,6.7,8.290981706852385,-0.5,2.6779712730707828,0,0
EA19,2022-09-30,2022 Q3,0.44402568985582036,6.7,9.464798086060089,0.75,1.8029376665357701,0,0
EA19,2022-12-31,2022 Q4,-0.0437891636044796,6.7,8.797735647730764,2,0.9360841862191003,0,1
EA19,2023-03-31,2023 Q1,-0.022955858285733655,6.7,6.65786368334631,3,0.3225662082263696,1,0
EA19,2023-06-30,2023 Q2,0.18828739349601165,NA,5.357681456032193,3.5,-0.37164842111870033,0,0
EA19,2023-09-30,2023 Q3,-0.0287486768105083,NA,4.2196196610118974,4,-0.3757365205413601,0,0
EA19,2023-12-31,2023 Q4,0.06522808039850503,NA,2.8627128659630685,4,-1.0688202372590299,0,0
EA19,2024-03-31,2024 Q1,0.27122150055109984,NA,2.3826996443042425,4,-0.9690830495951803,0,0
EA19,2024-06-30,2024 Q2,0.21967130783320243,NA,2.4801271199944352,3.75,-0.5594797682447701,0,0
EA19,2024-09-30,2024 Q3,0.40330056016379956,NA,1.7214323714265234,3.5,-0.59954941800676,0,0
EA19,2024-12-31,2024 Q4,0.4227015476603313,NA,2.3980436113637538,3,-0.003747879383890318,0,0
EA19,2025-03-31,2025 Q1,0.5629872353921428,NA,2.1321085610238377,2.5,0.8713437884419997,0,0
EA19,2025-06-30,2025 Q2,0.12155080652149763,NA,1.9484946825820693,2,1.10114175485853,0,NA
UK,1955-03-31,1955 Q1,NA,NA,NA,4.5,NA,NA,0
UK,1955-06-30,1955 Q2,0.014783665718809402,NA,NA,4.5,NA,0,0
UK,1955-09-30,1955 Q3,1.983241744071762,NA,NA,4.5,NA,0,0
UK,1955-12-31,1955 Q4,-0.5465619444752434,NA,NA,4.5,NA,0,0
UK,1956-03-31,1956 Q1,1.0901528207309497,NA,NA,5.5,NA,0,0
UK,1956-06-30,1956 Q2,-0.1041533230928593,NA,NA,5.5,NA,0,1
UK,1956-09-30,1956 Q3,-0.1259299530754987,NA,NA,5.5,NA,1,0
UK,1956-12-31,1956 Q4,0.5881828555178714,NA,NA,5.5,NA,0,0
UK,1957-03-31,1957 Q1,1.8624013679765739,NA,NA,5,NA,0,0
UK,1957-06-30,1957 Q2,-0.03211542782253218,NA,NA,5,NA,0,1
UK,1957-09-30,1957 Q3,-0.6263503272194271,NA,NA,7,NA,1,0
UK,1957-12-31,1957 Q4,0.2802599748228829,NA,46.71754306265895,7,NA,0,0
UK,1958-03-31,1958 Q1,2.188097560323854,NA,NA,6,NA,0,0
UK,1958-06-30,1958 Q2,-2.544856866551015,NA,-13.834769148431192,5,NA,0,0
UK,1958-09-30,1958 Q3,2.1935170233664536,NA,NA,4.5,NA,0,0
UK,1958-12-31,1958 Q4,0.2697787909884397,NA,-24.245449622729044,4,NA,0,0
UK,1959-03-31,1959 Q1,0.6154479491417675,NA,NA,4,NA,0,0
UK,1959-06-30,1959 Q2,1.6013334711022509,NA,-160.8521741962226,4,NA,0,0
UK,1959-09-30,1959 Q3,2.1045880352946966,NA,NA,4,NA,0,0
UK,1959-12-31,1959 Q4,2.508666839319318,NA,-69.4967017277036,4,NA,0,0
UK,1960-03-31,1960 Q1,2.464807249577561,NA,NA,5,NA,0,0
UK,1960-06-30,1960 Q2,-0.7039060493628568,NA,108.7673255247565,6,NA,0,0
UK,1960-09-30,1960 Q3,1.4787868650891767,NA,NA,6,NA,0,0
UK,1960-12-31,1960 Q4,0.579494513349843,NA,38.83398585827278,5,NA,0,0
UK,1961-03-31,1961 Q1,1.6246904035924103,NA,NA,5,NA,0,0
UK,1961-06-30,1961 Q2,0.41310019339277915,NA,48.134604373841526,5,NA,0,0
UK,1961-09-30,1961 Q3,-0.49687938904057205,NA,NA,7,NA,0,1
UK,1961-12-31,1961 Q4,-0.1889308918254784,NA,-44.91783612684663,6,NA,1,0
UK,1962-03-31,1962 Q1,0.4312216093442345,NA,11.500417542321106,5,NA,0,0
UK,1962-06-30,1962 Q2,0.9411149638161476,NA,-25.092311542129274,4.5,NA,0,0
UK,1962-09-30,1962 Q3,0.609586054577349,NA,NA,4.5,NA,0,0
UK,1962-12-31,1962 Q4,-0.36073768995628086,NA,105.45994962358938,4.5,NA,0,0
UK,1963-03-31,1963 Q1,0.4557343186991858,NA,-142.06620046241855,4,NA,0,0
UK,1963-06-30,1963 Q2,4.2398284120576335,NA,NA,4,NA,0,0
UK,1963-09-30,1963 Q3,0.4406180887894351,NA,NA,4,NA,0,0
UK,1963-12-31,1963 Q4,2.2443361158547503,NA,-93.76715268990593,4,NA,0,0
UK,1964-03-31,1964 Q1,0.6591940687709297,NA,137.47779190585047,5,NA,0,0
UK,1964-06-30,1964 Q2,1.850949428614257,NA,NA,5,NA,0,0
UK,1964-09-30,1964 Q3,0.36744762705858136,NA,NA,5,NA,0,0
UK,1964-12-31,1964 Q4,1.4910830981040846,NA,64.80267452794762,7,NA,0,0
UK,1965-03-31,1965 Q1,-0.27212528567517325,NA,-4.387077736972856,7,NA,0,0
UK,1965-06-30,1965 Q2,0.05927274315951081,NA,-33.691717544946506,6,NA,0,0
UK,1965-09-30,1965 Q3,0.8047781424956213,NA,NA,6,NA,0,0
UK,1965-12-31,1965 Q4,0.6380116692668025,NA,17.997137944900132,6,NA,0,0
UK,1966-03-31,1966 Q1,0.145614924433346,NA,-73.6923710249029,6,NA,0,0
UK,1966-06-30,1966 Q2,0.5850340040034041,NA,-3.8399132934457514,6,NA,0,0
UK,1966-09-30,1966 Q3,0.32627028662837176,NA,NA,7,NA,0,0
UK,1966-12-31,1966 Q4,-0.398333494450398,NA,-95.51389487904231,7,NA,0,0
UK,1967-03-31,1967 Q1,1.3274376635262541,NA,NA,6,NA,0,0
UK,1967-06-30,1967 Q2,1.3853691827815595,NA,48.880949320153775,5.5,NA,0,0
UK,1967-09-30,1967 Q3,0.4024654271976402,NA,NA,5.5,NA,0,0
UK,1967-12-31,1967 Q4,0.5422124961285135,NA,136.70065514484887,8,NA,0,0
UK,1968-03-31,1968 Q1,3.605843768669814,NA,NA,7.5,NA,0,0
UK,1968-06-30,1968 Q2,-0.4145360981169688,NA,-4.503421617307701,7.5,NA,0,0
UK,1968-09-30,1968 Q3,1.9296305427065619,NA,NA,7,NA,0,0
UK,1968-12-31,1968 Q4,0.3863108414225991,NA,70.27692479240221,7,NA,0,0
UK,1969-03-31,1969 Q1,-0.20234578043520912,NA,16.280779378166798,8,NA,0,0
UK,1969-06-30,1969 Q2,0.7457920467846435,NA,13.082812230767516,8,NA,0,0
UK,1969-09-30,1969 Q3,0.5373348348353346,NA,133.89068546473973,8,NA,0,0
UK,1969-12-31,1969 Q4,0.4797235358402929,NA,-68.82681572331961,8,NA,0,0
UK,1970-03-31,1970 Q1,-0.6290175933973075,NA,42.187403980038894,7.5,NA,0,0
UK,1970-06-30,1970 Q2,2.3613291718135088,NA,-46.45228577517268,7,NA,0,0
UK,1970-09-30,1970 Q3,0.9481038274660847,NA,49.356096627997736,7,NA,0,0
UK,1970-12-31,1970 Q4,0.9046649329256695,NA,2.964869392210473,7,NA,0,0
UK,1971-03-31,1971 Q1,-0.47350742978657934,NA,32.37294933094271,7,NA,0,0
UK,1971-06-30,1971 Q2,1.7774963555748258,NA,91.79212556334096,6,NA,0,0
UK,1971-09-30,1971 Q3,1.7040726516388105,NA,-135.07812549259833,5,NA,0,0
UK,1971-12-31,1971 Q4,0.39501147112197543,NA,-31.14850618024424,5,NA,0,0
UK,1972-03-31,1972 Q1,0.2015768795658346,NA,-95.35317621719989,5,NA,0,0
UK,1972-06-30,1972 Q2,2.603754616683318,NA,-5.954893980719894,6,NA,0,0
UK,1972-09-30,1972 Q3,0.2660171953120738,NA,144.04649321136796,6,NA,0,0
UK,1972-12-31,1972 Q4,1.5486021332815625,NA,4.426555658150133,9,NA,0,0
UK,1973-03-31,1973 Q1,4.787941627709813,NA,61.72528556625713,8.5,NA,0,0
UK,1973-06-30,1973 Q2,0.19330665203902697,NA,-29.11610486405732,7.5,NA,0,0
UK,1973-09-30,1973 Q3,-0.9369712425190357,NA,49.02679945464566,11.5,NA,0,1
UK,1973-12-31,1973 Q4,-0.3861182817257003,NA,34.34665156233951,13,NA,1,1
UK,1974-03-31,1974 Q1,-2.8160288603643835,NA,42.242953951727614,12.5,NA,1,0
UK,1974-06-30,1974 Q2,1.4275506253628834,NA,70.40335980265655,11.75,NA,0,0
UK,1974-09-30,1974 Q3,0.5948862955875711,NA,20.77247436470151,11.5,NA,0,0
UK,1974-12-31,1974 Q4,-1.4758722106545719,NA,67.75247919739442,11.5,NA,0,0
UK,1975-03-31,1975 Q1,0.041137902685761674,NA,79.96555195789942,10,NA,0,0
UK,1975-06-30,1975 Q2,-1.63443135940895,NA,63.705771390891286,10,NA,0,1
UK,1975-09-30,1975 Q3,-0.32464964031433396,NA,-23.796935171032985,11,NA,1,0
UK,1975-12-31,1975 Q4,1.1214405083507017,NA,-16.737306274913156,11.25,NA,0,0
UK,1976-03-31,1976 Q1,1.6614479899647705,NA,-130.47123232639728,9,NA,0,0
UK,1976-06-30,1976 Q2,-0.13621887017478684,NA,-132.18054050488658,11.5,NA,0,0
UK,1976-09-30,1976 Q3,1.2333953424697341,NA,43.049107540384725,13,NA,0,0
UK,1976-12-31,1976 Q4,2.082104756955161,NA,6.108967761181905,14.25,NA,0,0
UK,1977-03-31,1977 Q1,0.05947757560100797,NA,60.344302668531434,9.5,NA,0,0
UK,1977-06-30,1977 Q2,-0.6888180457629289,NA,70.73550698335961,8,NA,0,0
UK,1977-09-30,1977 Q3,0.6590836799400535,NA,-89.49156386172486,6,NA,0,0
UK,1977-12-31,1977 Q4,1.6813406348571647,NA,-91.09204874674406,7,NA,0,0
UK,1978-03-31,1978 Q1,0.9309909480283096,NA,-43.8853838714183,6.5,NA,0,0
UK,1978-06-30,1978 Q2,1.1402455600869388,NA,-31.061467706413726,10,NA,0,0
UK,1978-09-30,1978 Q3,1.357509005378077,NA,-29.972352163674152,10,NA,0,0
UK,1978-12-31,1978 Q4,0.8729975892130426,NA,45.31337343199229,12.5,NA,0,0
UK,1979-03-31,1979 Q1,-0.29895889183890745,NA,25.662801692580732,13,NA,0,0
UK,1979-06-30,1979 Q2,4.266671419964041,NA,80.46352484232919,14,NA,0,0
UK,1979-09-30,1979 Q3,-2.233980714110473,NA,90.93808154165887,14,NA,0,0
UK,1979-12-31,1979 Q4,1.0175323419620241,NA,-16.026948781952495,17,NA,0,0
UK,1980-03-31,1980 Q1,-0.9583804307396804,NA,51.83534882574372,17,NA,0,1
UK,1980-06-30,1980 Q2,-1.9870634191512693,NA,-59.01409497064368,17,NA,1,1
UK,1980-09-30,1980 Q3,-0.12155406250684564,NA,-45.31470694613722,16,NA,1,1
UK,1980-12-31,1980 Q4,-1.082030721341809,NA,-26.764677189663537,14,NA,1,1
UK,1981-03-31,1981 Q1,-0.06531263353011241,NA,9.388339230087006,12,NA,1,0
UK,1981-06-30,1981 Q2,0.2372962908818721,NA,-49.66681269207467,12,NA,0,0
UK,1981-09-30,1981 Q3,1.0835309052033892,NA,-10.859550090973347,14,NA,0,0
UK,1981-12-31,1981 Q4,0.11925261415299815,NA,12.33598197472957,14.38,NA,0,0
UK,1982-03-31,1982 Q1,0.18675234011276132,NA,-54.658550644666846,13.25,NA,0,0
UK,1982-06-30,1982 Q2,1.0451168781752784,NA,-72.66204667044937,12.63,NA,0,0
UK,1982-09-30,1982 Q3,0.22445309319572004,NA,NA,10.13,NA,0,0
UK,1982-12-31,1982 Q4,0.6891820376726088,NA,NA,10,NA,0,0
UK,1983-03-31,1983 Q1,1.9114839847162557,10.8,-155.6126761884426,10.56,NA,0,0
UK,1983-06-30,1983 Q2,0.6918892010961741,11,-15.407303706156593,9.56,NA,0,0
UK,1983-09-30,1983 Q3,1.1474781745601348,10.9,NA,9.56,NA,0,0
UK,1983-12-31,1983 Q4,0.7376483795965783,10.8,NA,9.06,NA,0,0
UK,1984-03-31,1984 Q1,0.8378587486031819,10.7,55.63713277040685,8.56,NA,0,0
UK,1984-06-30,1984 Q2,-1.0074522154503995,10.8,6.783835914016034,8.88,NA,0,0
UK,1984-09-30,1984 Q3,0.7323178751221349,11,-81.0648406999291,10.5,NA,0,0
UK,1984-12-31,1984 Q4,1.7941021367342103,11.1,NA,9.5,NA,0,0
UK,1985-03-31,1985 Q1,0.9510222813492675,11.2,111.92699325496108,12.88,NA,0,0
UK,1985-06-30,1985 Q2,2.1202710693074778,11.2,-19.92711151078059,12.38,NA,0,0
UK,1985-09-30,1985 Q3,-0.01853485670437749,11.2,NA,11.38,NA,0,0
UK,1985-12-31,1985 Q4,0.058928940446989486,11.2,NA,11.38,NA,0,0
UK,1986-03-31,1986 Q1,1.0408928219327152,11.2,-224.71022891930326,11.38,-2.0867900000000006,0,0
UK,1986-06-30,1986 Q2,0.8819893044169191,11.3,NA,9.88,-0.3729200000000006,0,0
UK,1986-09-30,1986 Q3,0.6257278128551036,11.3,NA,9.88,0.09107999999999983,0,0
UK,1986-12-31,1986 Q4,1.9068435005930695,11.2,106.37726995063366,10.88,-0.4242100000000004,0,0
UK,1987-03-31,1987 Q1,0.6988454633585661,10.9,65.45637145207243,9.88,-0.9042000000000012,0,0
UK,1987-06-30,1987 Q2,1.4716704320584029,10.5,NA,8.88,-0.0060800000000007515,0,0
UK,1987-09-30,1987 Q3,2.4348754939818917,10,-55.385377189581284,9.88,0.01398000000000188,0,0
UK,1987-12-31,1987 Q4,1.131335802942246,9.4,NA,8.38,1.6571700000000007,0,0
UK,1988-03-31,1988 Q1,1.6075280652145807,8.9,69.71392018295283,8.38,0.3069600000000019,0,0
UK,1988-06-30,1988 Q2,0.5198877352043496,8.5,NA,8.88,0.5348600000000001,0,0
UK,1988-09-30,1988 Q3,1.2422479558175326,8.4,53.160816294850335,11.88,-2.0903399999999994,0,0
UK,1988-12-31,1988 Q4,0.7981726713094162,7.7,NA,12.88,-3.0176700000000007,0,0
UK,1989-03-31,1989 Q1,0.48314608989663554,7.4,22.31435513142097,12.88,-3.182499999999999,0,0
UK,1989-06-30,1989 Q2,0.6228109579542007,7,0,13.75,-3.6325299999999974,0,0
UK,1989-09-30,1989 Q3,0.1633383543740763,6.9,33.647223662121284,13.75,-3.8621700000000008,0,0
UK,1989-12-31,1989 Q4,-0.01235997966944069,6.8,69.31471805599452,14.88,-4.59179,0,0
UK,1990-03-31,1990 Q1,0.5064566522879232,6.7,-22.31435513142097,14.88,-2.8967600000000004,0,0
UK,1990-06-30,1990 Q2,0.6669247607753448,6.7,0,14.88,-3.21302,0,0
UK,1990-09-30,1990 Q3,-1.100827988859976,6.9,25.131442828090616,14.88,-2.8511700000000015,0,1
UK,1990-12-31,1990 Q4,-0.5067546231551034,7.4,0,13.88,-3.0417000000000005,1,1
UK,1991-03-31,1991 Q1,-0.4952590443007665,8.1,22.31435513142097,12.38,-2.1728000000000005,1,1
UK,1991-06-30,1991 Q2,-0.11555125791389287,8.6,51.082562376599085,11.38,-0.7184399999999993,1,1
UK,1991-09-30,1991 Q3,-0.19587765676440938,9,-109.86122886681098,10.38,-0.6940799999999996,1,0
UK,1991-12-31,1991 Q4,0.12250855403905803,9.2,0,10.38,-1.188369999999999,0,0
UK,1992-03-31,1992 Q1,-0.03269702390049645,9.3,-22.31435513142097,10.38,-0.9904500000000009,0,1
UK,1992-06-30,1992 Q2,-0.15593869572505525,9.9,-160.94379124341,9.88,-0.9307800000000004,1,0
UK,1992-09-30,1992 Q3,0.47348057586305003,10.1,0,8.88,-0.8472899999999992,0,0
UK,1992-12-31,1992 Q4,0.7675900426733051,10.5,-69.31471805599452,6.88,1.088680000000001,0,0
UK,1993-03-31,1993 Q1,0.4982697448319584,10.6,22.31435513142097,5.88,1.6880699999999997,0,0
UK,1993-06-30,1993 Q2,0.4471152817533408,10.4,NA,5.88,2.0083,0,0
UK,1993-09-30,1993 Q3,0.9119402704225621,10.3,28.76820724517811,5.88,1.0001300000000004,0,0
UK,1993-12-31,1993 Q4,0.6769926790013869,10.3,109.86122886681093,5.38,1.04249,0,0
UK,1994-03-31,1994 Q1,0.9800304598293508,9.8,-51.082562376599085,5.13,2.18942,0,0
UK,1994-06-30,1994 Q2,0.9141001426414164,9.6,NA,5.13,3.52264,0,0
UK,1994-09-30,1994 Q3,1.0043933823201456,9.3,-69.31471805599453,5.63,3.127789999999999,0,0
UK,1994-12-31,1994 Q4,0.435204216490348,8.9,28.76820724517811,6.13,2.1545500000000004,0,0
UK,1995-03-31,1995 Q1,0.5151752082923622,8.8,28.76820724517811,6.63,1.8682600000000003,0,0
UK,1995-06-30,1995 Q2,0.20776402635256375,8.7,NA,6.63,1.3948600000000004,0,0
UK,1995-09-30,1995 Q3,1.1081844498178839,8.6,91.6290731874155,6.63,1.1532100000000005,0,0
UK,1995-12-31,1995 Q4,0.31078506977664233,8.4,40.54651081081643,6.38,0.9427500000000002,0,0
UK,1996-03-31,1996 Q1,0.6585372928959998,8.3,-28.76820724517811,5.94,1.9171199999999997,0,0
UK,1996-06-30,1996 Q2,0.3251855986341923,8.2,0,5.69,2.119230000000001,0,0
UK,1996-09-30,1996 Q3,0.9333687690016745,8.1,0,5.69,1.9514500000000004,0,0
UK,1996-12-31,1996 Q4,1.3531836381091011,7.7,-69.31471805599455,5.94,1.1399600000000003,0,0
UK,1997-03-31,1997 Q1,1.5889165862571275,7.2,-40.546510810816415,5.94,1.150269999999999,0,0
UK,1997-06-30,1997 Q2,1.0987597783788772,7.3,69.31471805599452,6.5,0.4771800000000006,0,0
UK,1997-09-30,1997 Q3,0.9249017567338313,6.7,-51.082562376599085,7,-0.4752699999999992,0,0
UK,1997-12-31,1997 Q4,1.4645927027235217,6.4,-40.546510810816415,7.25,-1.3440000000000003,0,0
UK,1998-03-31,1998 Q1,0.7233945076961845,6.3,40.546510810816415,7.25,-1.5747599999999995,0,0
UK,1998-06-30,1998 Q2,0.6353474863352915,6.3,NA,7.5,-1.93966,0,0
UK,1998-09-30,1998 Q3,0.32596428935853794,6.2,28.76820724517811,7.5,-2.3166800000000007,0,0
UK,1998-12-31,1998 Q4,0.6611223531372445,6.2,40.546510810816415,6.25,-1.9428400000000003,0,0
UK,1999-03-31,1999 Q1,0.6904859242908401,6.2,51.082562376599085,5.5,-0.7674699999999994,0,0
UK,1999-06-30,1999 Q2,0.47329100564574844,6,NA,5,-0.04954000000000036,0,0
UK,1999-09-30,1999 Q3,1.587160895030948,5.8,-28.76820724517811,5.25,0.2801999999999998,0,0
UK,1999-12-31,1999 Q4,1.4226877744771826,5.9,0,5.5,-0.6663100000000002,0,0
UK,2000-03-31,2000 Q1,1.2249416265486701,5.7,-91.6290731874155,6,-0.8576800000000002,0,0
UK,2000-06-30,2000 Q2,0.7335172278747137,5.3,NA,6,-1.0171200000000002,0,0
UK,2000-09-30,2000 Q3,0.6409464217245642,5.4,69.31471805599455,6,-0.81839,0,0
UK,2000-12-31,2000 Q4,0.641016840765829,5.2,NA,6,-1.04359,0,0
UK,2001-03-31,2001 Q1,0.8858793564829881,5,40.546510810816415,5.75,-0.8482599999999998,0,0
UK,2001-06-30,2001 Q2,0.4406166088454455,5,69.31471805599452,5.25,-0.06343999999999994,0,0
UK,2001-09-30,2001 Q3,0.5305536849633086,5.1,-69.31471805599455,4.75,0.25814000000000004,0,0
UK,2001-12-31,2001 Q4,0.32554215912803386,5.2,NA,4,0.8422000000000001,0,0
UK,2002-03-31,2002 Q1,0.25991119420680775,5.2,0,4,1.0896499999999998,0,0
UK,2002-06-30,2002 Q2,0.48815903464571875,5.2,NA,4,0.9214200000000003,0,0
UK,2002-09-30,2002 Q3,0.6709149859560171,5.2,-40.546510810816415,4,0.5118800000000006,0,0
UK,2002-12-31,2002 Q4,0.7745154014013877,5,40.546510810816415,4,0.5466300000000004,0,0
UK,2003-03-31,2003 Q1,0.7237757221410845,5.1,0,3.75,0.6692699999999996,0,0
UK,2003-06-30,2003 Q2,0.925302529055827,5.1,NA,3.75,0.47304000000000057,0,0
UK,2003-09-30,2003 Q3,0.8867354310165609,5,0,3.5,1.0164999999999997,0,0
UK,2003-12-31,2003 Q4,0.7860344120906859,4.8,0,3.75,0.8773599999999995,0,0
UK,2004-03-31,2004 Q1,0.37944798779498967,4.8,-109.86122886681093,4,0.41206999999999994,0,0
UK,2004-06-30,2004 Q2,0.5818306061204481,4.8,NA,4.5,0.41026000000000007,0,0
UK,2004-09-30,2004 Q3,0.3863123423098358,4.7,-69.31471805599452,4.75,-0.036000000000000476,0,0
UK,2004-12-31,2004 Q4,0.5103306629550275,4.7,51.082562376599085,4.75,-0.3394300000000001,0,0
UK,2005-03-31,2005 Q1,0.734315125578533,4.7,138.62943611198904,4.75,-0.19135999999999953,0,0
UK,2005-06-30,2005 Q2,0.828015321745923,4.7,NA,4.75,-0.5567400000000005,0,0
UK,2005-09-30,2005 Q3,0.7789374656692161,4.9,69.31471805599452,4.5,-0.38595999999999986,0,0
UK,2005-12-31,2005 Q4,0.9315986243180419,5.1,-51.082562376599085,4.5,-0.41871999999999954,0,0
UK,2006-03-31,2006 Q1,0.511952910268576,5.3,-69.31471805599453,4.5,-0.2697099999999999,0,0
UK,2006-06-30,2006 Q2,0.38720254884090366,5.5,109.86122886681093,4.5,-0.07047999999999988,0,0
UK,2006-09-30,2006 Q3,0.26855985853480036,5.5,-69.31471805599452,4.75,-0.47280999999999995,0,0
UK,2006-12-31,2006 Q4,0.5197567536466607,5.5,51.082562376599085,5,-0.6721699999999995,0,0
UK,2007-03-31,2007 Q1,0.9358822297503622,5.5,69.31471805599453,5.25,-0.7300599999999999,0,0
UK,2007-06-30,2007 Q2,0.7279492743904825,5.3,-40.546510810816415,5.5,-0.44808000000000003,0,0
UK,2007-09-30,2007 Q3,0.6688378707849552,5.2,0,5.75,-1.65414,0,0
UK,2007-12-31,2007 Q4,0.5903570492446164,5.2,0,5.5,-1.6657300000000008,0,0
UK,2008-03-31,2008 Q1,0.48506228983420385,5.3,0,5.25,-1.4542900000000003,0,0
UK,2008-06-30,2008 Q2,-0.4906018933848344,5.5,109.86122886681096,5,-0.7191400000000003,0,1
UK,2008-09-30,2008 Q3,-1.5537015264388998,6,138.62943611198904,5,-1.3404999999999996,1,1
UK,2008-12-31,2008 Q4,-2.143798283316656,6.5,NA,2,0.45133,1,1
UK,2009-03-31,2009 Q1,-2.0626694535067713,7.3,-138.62943611198904,0.5,1.4183099999999997,1,1
UK,2009-06-30,2009 Q2,-0.32785344332282307,7.9,-109.86122886681096,0.5,2.48093,1,0
UK,2009-09-30,2009 Q3,0.06016519450682267,7.9,NA,0.5,3.051,0,0
UK,2009-12-31,2009 Q4,0.2965905169759253,7.7,NA,0.5,3.28169,0,0
UK,2010-03-31,2010 Q1,0.9310379641323863,8,138.62943611198904,0.5,3.44601,0,0
UK,2010-06-30,2010 Q2,1.0839918635529244,7.8,-69.31471805599452,0.5,2.8723099999999997,0,0
UK,2010-09-30,2010 Q3,0.5506461638844939,7.9,NA,0.5,2.39851,0,0
UK,2010-12-31,2010 Q4,0.08742489795388053,7.9,69.31471805599453,0.5,2.8601799999999997,0,0
UK,2011-03-31,2011 Q1,0.25506363472231897,7.7,-28.76820724517811,0.5,2.92947,0,0
UK,2011-06-30,2011 Q2,0.1151675329577273,8,NA,0.5,2.58928,0,0
UK,2011-09-30,2011 Q3,0.3047852341186541,8.4,NA,0.5,1.5859,0,0
UK,2011-12-31,2011 Q4,0.13987308694858314,8.3,-69.31471805599453,0.5,1.1213199999999999,0,0
UK,2012-03-31,2012 Q1,0.8678253753693355,8.2,0,0.5,1.2854299999999999,0,0
UK,2012-06-30,2012 Q2,-0.13595515782824918,8,NA,0.5,0.8200200000000001,0,0
UK,2012-09-30,2012 Q3,0.9538119789535671,7.8,-40.54651081081643,0.5,1.07417,0,0
UK,2012-12-31,2012 Q4,-0.11149907516596613,7.8,0,0.5,1.32822,0,0
UK,2013-03-31,2013 Q1,0.28263525470038076,7.8,0,0.5,1.46992,0,0
UK,2013-06-30,2013 Q2,0.7227495414024787,7.7,NA,0.5,1.7983599999999997,0,0
UK,2013-09-30,2013 Q3,0.8293900885810501,7.4,-28.76820724517811,0.5,2.32742,0,0
UK,2013-12-31,2013 Q4,0.70017709553305,7.1,0,0.5,2.42106,0,0
UK,2014-03-31,2014 Q1,0.8196487677423647,6.6,-40.546510810816415,0.5,2.26213,0,0
UK,2014-06-30,2014 Q2,0.8726140437854468,6.1,NA,0.5,2.2402599999999997,0,0
UK,2014-09-30,2014 Q3,0.750141628243739,5.9,NA,0.5,1.9289899999999998,0,0
UK,2014-12-31,2014 Q4,0.7037709923174873,5.6,NA,0.5,1.37052,0,0
UK,2015-03-31,2015 Q1,0.29546379652707344,5.5,0,0.5,1.22974,0,0
UK,2015-06-30,2015 Q2,0.5871606408749841,5.5,-69.31471805599452,0.5,1.5977199999999998,0,0
UK,2015-09-30,2015 Q3,0.3937092779963791,5.2,NA,0.5,1.29564,0,0
UK,2015-12-31,2015 Q4,0.5774226172853503,5.1,NA,0.5,1.34063,0,0
UK,2016-03-31,2016 Q1,0.362043096604836,5,40.546510810816415,0.5,0.95515,0,0
UK,2016-06-30,2016 Q2,0.5591302285598232,4.9,69.31471805599452,0.5,0.73582,0,0
UK,2016-09-30,2016 Q3,0.3717807481297797,4.8,NA,0.25,0.44523000000000007,0,0
UK,2016-12-31,2016 Q4,0.6353752636766075,4.7,138.62943611198904,0.25,1.06134,0,0
UK,2017-03-31,2017 Q1,0.8391961273400028,4.5,0,0.25,0.84833,0,0
UK,2017-06-30,2017 Q2,0.6416601833741709,4.3,NA,NA,0.7901800000000001,0,0
UK,2017-09-30,2017 Q3,0.6335210284291293,4.2,40.546510810816415,NA,0.93449,0,0
UK,2017-12-31,2017 Q4,0.7196392723329836,4.3,-28.76820724517811,NA,0.75939,0,0
UK,2018-03-31,2018 Q1,0.056800282789026824,4.2,-109.86122886681093,NA,0.87958,0,0
UK,2018-06-30,2018 Q2,0.16637967584891555,4,NA,NA,0.78422,0,0
UK,2018-09-30,2018 Q3,0.33211285957328585,4.1,-109.86122886681093,NA,0.7013699999999999,0,0
UK,2018-12-31,2018 Q4,0.12763799752555371,3.9,-109.86122886681093,NA,0.4080600000000001,0,0
UK,2019-03-31,2019 Q1,0.7255048459729352,3.8,69.31471805599452,NA,0.35,0,0
UK,2019-06-30,2019 Q2,0.32210143550983616,3.9,NA,NA,0.139,0,0
UK,2019-09-30,2019 Q3,0.7254582459353287,3.8,0,NA,-0.17190000000000005,0,0
UK,2019-12-31,2019 Q4,-0.022462936249567633,3.9,NA,NA,0.04079999999999995,0,1
UK,2020-03-31,2020 Q1,-2.7592495005766438,4.1,NA,NA,-0.06910000000000005,1,1
UK,2020-06-30,2020 Q2,-22.718306297545254,4.4,NA,NA,0.08800000000000002,1,0
UK,2020-09-30,2020 Q3,15.50808996193318,5.2,138.62943611198904,NA,0.21300000000000002,0,0
UK,2020-12-31,2020 Q4,1.3477361507192143,5.2,NA,NA,0.2924,0,0
UK,2021-03-31,2021 Q1,-1.0295150865118785,4.8,NA,NA,0.7656000000000001,0,0
UK,2021-06-30,2021 Q2,7.071819817013392,4.6,138.62943611198904,NA,0.7749,0,0
UK,2021-09-30,2021 Q3,1.701030099196288,4.3,-28.76820724517811,NA,0.7323,0,0
UK,2021-12-31,2021 Q4,1.5086468024669841,4.1,91.6290731874155,NA,0.6775,0,0
UK,2022-03-31,2022 Q1,0.528185019638272,3.8,150.4077396776274,NA,0.5557000000000001,0,0
UK,2022-06-30,2022 Q2,0.08685044389551422,3.6,55.96157879354225,NA,0.8124,0,0
UK,2022-09-30,2022 Q3,-0.07821487291579388,3.8,28.76820724517811,NA,0.5907,0,0
UK,2022-12-31,2022 Q4,0.10374477252845793,3.9,-22.31435513142097,NA,-0.27849999999999975,0,0
UK,2023-03-31,2023 Q1,0.17466085855382119,3.9,-25.131442828090616,NA,-0.7662,0,0
UK,2023-06-30,2023 Q2,0.008610819939747216,4.3,-125.27629684953678,NA,-0.7241,0,0
UK,2023-09-30,2023 Q3,-0.11938746337705197,4,22.31435513142097,NA,-1.1000999999999994,0,1
UK,2023-12-31,2023 Q4,-0.3120644140654605,4.1,0,NA,-1.3577999999999997,1,0
UK,2024-03-31,2024 Q1,0.6280687276433383,4.4,-15.415067982725827,NA,-1.1669999999999998,0,NA
US,1947-03-31,1947 Q1,NA,NA,NA,NA,NA,0,0
US,1947-06-30,1947 Q2,-0.2655766242487978,NA,NA,NA,NA,0,0
US,1947-09-30,1947 Q3,-0.2050894145063431,NA,NA,NA,NA,0,0
US,1947-12-31,1947 Q4,1.5538518259620382,NA,NA,NA,NA,0,0
US,1948-03-31,1948 Q1,1.4948095921411664,4,6.595796779179741,NA,NA,0,0
US,1948-06-30,1948 Q2,1.6388742260621036,3.6,8.961215868968742,NA,NA,0,0
US,1948-09-30,1948 Q3,0.5728742076851923,3.8,6.442905805388666,NA,NA,0,1
US,1948-12-31,1948 Q4,0.11322236657029805,4,2.6971715048950795,NA,NA,1,1
US,1949-03-31,1949 Q1,-1.3861770314079536,5,1.7296360320119941,NA,NA,1,1
US,1949-06-30,1949 Q2,-0.34023562181069167,6.2,-0.9569451016150587,NA,NA,1,1
US,1949-09-30,1949 Q3,1.0286317679486956,6.6,-2.5359912361045733,NA,NA,1,1
US,1949-12-31,1949 Q4,-0.8413345740880374,6.6,-1.8464645454348894,NA,NA,1,0
US,1950-03-31,1950 Q1,3.856363511154459,6.3,-1.1356588932335931,NA,NA,0,0
US,1950-06-30,1950 Q2,3.005314987178842,5.4,-0.16736405580299873,NA,NA,0,0
US,1950-09-30,1950 Q3,3.792242645935051,4.4,2.453855707873087,NA,NA,0,0
US,1950-12-31,1950 Q4,1.896852374209601,4.3,5.6405153600010305,NA,NA,0,0
US,1951-03-31,1951 Q1,1.3488184050222785,3.4,9.053027709480244,NA,NA,0,0
US,1951-06-30,1951 Q2,1.7173041622100094,3.2,8.235931102617178,NA,NA,0,0
US,1951-09-30,1951 Q3,2.0390578704083673,3.3,6.712863144709269,NA,NA,0,0
US,1951-12-31,1951 Q4,0.21871470763086265,3.1,5.7936511541578195,NA,NA,0,0
US,1952-03-31,1952 Q1,1.0612746118517258,2.9,1.951468088253261,NA,NA,0,0
US,1952-06-30,1952 Q2,0.2140705067456672,3,2.2875568599075358,NA,NA,0,0
US,1952-09-30,1952 Q3,0.7186420925338055,3.1,2.2788680819366913,NA,NA,0,0
US,1952-12-31,1952 Q4,3.2311762635077734,2.7,0.9026010882859481,NA,NA,0,0
US,1953-03-31,1953 Q1,1.8419710458818628,2.6,0.9053249310608358,NA,NA,0,0
US,1953-06-30,1953 Q2,0.7701184739970834,2.5,0.9005689382612925,NA,NA,0,1
US,1953-09-30,1953 Q3,-0.564104051168357,2.9,0.9716070454932613,NA,NA,1,1
US,1953-12-31,1953 Q4,-1.5252923873841695,4.5,0.5972395505530415,NA,NA,1,1
US,1954-03-31,1954 Q1,-0.47871449899536955,5.7,1.120250699766645,NA,NA,1,1
US,1954-06-30,1954 Q2,0.10935283922028916,5.6,0.6330313449956826,NA,NA,1,0
US,1954-09-30,1954 Q3,1.1233560743312054,6.1,-0.2979518032905748,1.07,NA,0,0
US,1954-12-31,1954 Q4,1.9380618135119043,5,-0.3728565095138414,1.28,NA,0,0
US,1955-03-31,1955 Q1,2.81655613591667,4.6,-0.5212223266990001,1.35,NA,0,0
US,1955-06-30,1955 Q2,1.6144424458529372,4.2,-0.8574143860348826,1.64,NA,0,0
US,1955-09-30,1955 Q3,1.3417791066361318,4.1,0.14908687070058768,2.18,NA,0,0
US,1955-12-31,1955 Q4,0.5988693280855273,4.2,0.3728565095138414,2.48,NA,0,0
US,1956-03-31,1956 Q1,-0.3887975268931143,4.2,0.3725786724256164,2.5,NA,0,0
US,1956-06-30,1956 Q2,0.8231787299227022,4.3,1.6339019258075016,2.71,NA,0,0
US,1956-09-30,1956 Q3,-0.08974364472678076,3.9,1.8450707913116648,2.95,NA,0,0
US,1956-12-31,1956 Q4,1.6325129935436777,4.2,2.7891716307925307,2.94,NA,0,0
US,1957-03-31,1957 Q1,0.6382268645365841,3.7,3.5437498070886253,2.96,NA,0,0
US,1957-06-30,1957 Q2,-0.21938070307125912,4.3,3.474833853849635,3,NA,0,1
US,1957-09-30,1957 Q3,0.9751517361667794,4.4,3.485173995752877,3.47,NA,1,1
US,1957-12-31,1957 Q4,-1.0399269037081993,5.2,2.9948762354621294,2.98,NA,1,1
US,1958-03-31,1958 Q1,-2.6301918829684467,6.7,3.561102532318383,1.2,NA,1,1
US,1958-06-30,1958 Q2,0.6547506697893724,7.3,2.8062171109814127,0.93,NA,1,0
US,1958-09-30,1958 Q3,2.2867641685307305,7.1,2.061928720273576,1.76,NA,0,0
US,1958-12-31,1958 Q4,2.3113121993713293,6.2,1.7409910491312797,2.42,NA,0,0
US,1959-03-31,1959 Q1,1.9002369805578567,5.6,0.34578181064155444,2.8,NA,0,0
US,1959-06-30,1959 Q2,2.228418846062219,5,0.6894201729277238,3.39,NA,0,0
US,1959-09-30,1959 Q3,0.06970242887476275,5.5,1.1692017649610698,3.76,NA,0,0
US,1959-12-31,1959 Q4,0.2845753867857681,5.3,1.5073940784644524,3.99,NA,0,0
US,1960-03-31,1960 Q1,2.2237183500353197,5.4,1.5073940784644524,3.84,NA,0,1
US,1960-06-30,1960 Q2,-0.5398116459607749,5.4,1.7030384355968042,3.32,NA,1,1
US,1960-09-30,1960 Q3,0.4887349823633258,5.5,1.2232568435634583,2.6,NA,1,1
US,1960-12-31,1960 Q4,-1.2914343824322216,6.6,1.3509155124076244,1.98,NA,1,1
US,1961-03-31,1961 Q1,0.6727499213381449,6.9,1.451502276965666,2.02,NA,1,0
US,1961-06-30,1961 Q2,1.6836022282726404,6.9,0.7737633222060225,1.73,NA,0,0
US,1961-09-30,1961 Q3,1.9021594877155934,6.7,1.241835056095164,1.88,NA,0,0
US,1961-12-31,1961 Q4,1.9426768536790817,6,0.6686751762295717,2.33,NA,0,0
US,1962-03-31,1962 Q1,1.7679425844058017,5.6,1.0998277835409631,2.85,1.1399999999999997,0,0
US,1962-06-30,1962 Q2,0.9006860092162228,5.5,1.2323220063020113,2.68,1.27,0,0
US,1962-09-30,1962 Q3,1.2220688918295863,5.6,1.4569794156694904,2.9,1.1600000000000001,0,0
US,1962-12-31,1962 Q4,0.32886053234335577,5.5,1.2253837715351157,2.93,0.98,0,0
US,1963-03-31,1963 Q1,1.0861701822962644,5.7,1.1206445557608191,2.98,1.06,0,0
US,1963-06-30,1963 Q2,1.116162003985366,5.6,1.3153757558740597,2.99,1.0099999999999998,0,0
US,1963-09-30,1963 Q3,2.175005327773505,5.5,0.981362144832465,3.48,0.6900000000000004,0,0
US,1963-12-31,1963 Q4,0.6537630504007907,5.5,1.6324227988948614,3.38,0.6199999999999997,0,0
US,1964-03-31,1964 Q1,2.086787917430577,5.4,1.3995346416341814,3.43,0.6900000000000004,0,0
US,1964-06-30,1964 Q2,1.0831807372440494,5.2,1.2982980155036739,3.5,0.6700000000000004,0,0
US,1964-09-30,1964 Q3,1.5505187497860007,5.1,1.1650617219975512,3.45,0.6499999999999999,0,0
US,1964-12-31,1964 Q4,0.3087140739525651,5,1.1910651025835328,3.85,0.3700000000000001,0,0
US,1965-03-31,1965 Q1,2.391092295812669,4.7,1.1887690193394196,4.05,0.27,0,0
US,1965-06-30,1965 Q2,1.255555637043848,4.6,1.916379311516847,4.05,0.40000000000000036,0,0
US,1965-09-30,1965 Q3,2.1988085171807725,4.3,1.7225306281879238,4.02,0.4299999999999997,0,0
US,1965-12-31,1965 Q4,2.2777626153715147,4,1.901800583576163,4.32,0.27000000000000046,0,0
US,1966-03-31,1966 Q1,2.4046895002712176,3.8,2.7407606225922976,4.66,0.1200000000000001,0,0
US,1966-06-30,1966 Q2,0.3408887793316495,3.8,2.406742202196277,5.17,0.46999999999999975,0,0
US,1966-09-30,1966 Q3,0.843267058825603,3.7,3.511313029993479,5.4,-0.35000000000000053,0,0
US,1966-12-31,1966 Q4,0.8170564135186353,3.8,3.304299379069686,5.4,-0.3200000000000003,0,0
US,1967-03-31,1967 Q1,0.8818931799984497,3.8,2.5162419902243105,4.53,0.2400000000000002,0,0
US,1967-06-30,1967 Q2,0.06133265706615987,3.9,2.8016448736909005,3.98,1.6799999999999997,0,0
US,1967-09-30,1967 Q3,0.9416287547763247,3.8,2.5623104887897874,3.99,0.8899999999999997,0,0
US,1967-12-31,1967 Q4,0.7510260476669472,3.8,3.2280148807292353,4.51,0.7300000000000004,0,0
US,1968-03-31,1968 Q1,2.018756338194727,3.7,3.8637792705413787,5.05,0.5899999999999999,0,0
US,1968-06-30,1968 Q2,1.6565757068628173,3.7,4.1182289966415375,6.07,0.1200000000000001,0,0
US,1968-09-30,1968 Q3,0.7715345638743543,3.4,4.367506350266126,5.78,0.2999999999999998,0,0
US,1968-12-31,1968 Q4,0.3920047554242245,3.4,4.598511324182342,6.02,0.20000000000000018,0,0
US,1969-03-31,1969 Q1,1.5523196020344798,3.4,5.114751116694105,6.79,NA,0,0
US,1969-06-30,1969 Q2,0.30289475651379405,3.5,5.330855345450702,8.9,0.29000000000000004,0,0
US,1969-09-30,1969 Q3,0.6577842035149217,3.7,5.541583914156956,9.15,0.41999999999999993,0,0
US,1969-12-31,1969 Q4,-0.4894046837826238,3.5,5.731445659598,8.97,0.05999999999999961,0,1
US,1970-03-31,1970 Q1,-0.14900266753858915,4.4,5.9157030847765135,7.76,0.4500000000000002,1,1
US,1970-06-30,1970 Q2,0.1416180892475083,4.9,5.83720062219073,7.61,1,1,1
US,1970-09-30,1970 Q3,0.9172477759880948,5.4,5.505977718302724,6.29,1.17,1,1
US,1970-12-31,1970 Q4,-1.0773558661599125,6.1,5.420681783642678,4.9,1.63,1,0
US,1971-03-31,1971 Q1,2.6799165184653972,6,4.342955792733605,3.71,2.1500000000000004,0,0
US,1971-06-30,1971 Q2,0.5393595262143336,5.9,4.2881727483265575,4.91,1.9500000000000002,0,0
US,1971-09-30,1971 Q3,0.8190831618485106,6,4.000533461369926,5.55,1.3099999999999996,0,0
US,1971-12-31,1971 Q4,0.23458926521939816,6,3.2141209211797417,4.14,1.88,0,0
US,1972-03-31,1972 Q1,1.8205430023737534,5.8,3.4401426717332484,3.83,NA,0,0
US,1972-06-30,1972 Q2,2.243922200938009,5.7,2.919915469226275,4.46,2.24,0,0
US,1972-09-30,1972 Q3,0.939660957362598,5.5,3.136565927821966,4.87,1.88,0,0
US,1972-12-31,1972 Q4,1.6605717228014072,5.2,3.3495954428182095,5.33,1.3399999999999999,0,0
US,1973-03-31,1973 Q1,2.4448111784003856,4.9,4.717856027509049,7.09,0.6400000000000006,0,0
US,1973-06-30,1973 Q2,1.0828592930138825,4.9,5.822366027889636,8.49,-0.25,0,0
US,1973-09-30,1973 Q3,-0.5272257243541745,4.8,7.1049346149850034,10.78,-1.3899999999999988,0,1
US,1973-12-31,1973 Q4,0.9447539531183935,4.9,8.563788516181692,9.95,-0.5499999999999998,1,1
US,1974-03-31,1974 Q1,-0.8634220481127386,5.1,9.656619839105085,9.35,-0.5499999999999998,1,1
US,1974-06-30,1974 Q2,0.23741495820974734,5.4,10.309550902697406,11.93,-0.2600000000000007,1,1
US,1974-09-30,1974 Q3,-0.9497734873638919,5.9,11.285448945523413,11.34,-0.1200000000000001,1,1
US,1974-12-31,1974 Q4,-0.389162026282186,7.2,11.417682907965476,8.53,0.25,1,1
US,1975-03-31,1975 Q1,-1.2251082299137295,8.6,9.948555121480585,5.54,2.5199999999999996,1,0
US,1975-06-30,1975 Q2,0.7121593045516406,8.8,8.786135579133436,5.55,2.62,0,0
US,1975-09-30,1975 Q3,1.6975542858466142,8.4,7.608230645743941,6.24,2.0600000000000005,0,0
US,1975-12-31,1975 Q4,1.338100268400133,8.2,6.886441108469343,5.2,2.3199999999999994,0,0
US,1976-03-31,1976 Q1,2.2245402302655037,7.6,5.884050002293373,4.84,2.66,0,0
US,1976-06-30,1976 Q2,0.730697926256596,7.6,5.809255683174586,5.48,2.45,0,0
US,1976-09-30,1976 Q3,0.5459147548547705,7.6,5.348868495098635,5.25,2.4699999999999998,0,0
US,1976-12-31,1976 Q4,0.7200053008572738,7.8,4.913268857764486,4.65,2.46,0,0
US,1977-03-31,1977 Q1,1.179252552301513,7.4,6.230388333615444,4.69,2.8200000000000003,0,0
US,1977-06-30,1977 Q2,1.9233087903616664,7.2,6.486915430308926,5.39,2.1800000000000006,0,0
US,1977-09-30,1977 Q3,1.7871007745393186,6.8,6.22572752403201,6.14,1.6000000000000005,0,0
US,1977-12-31,1977 Q4,0.001992759787050602,6.4,6.464553595922595,6.56,1.71,0,0
US,1978-03-31,1978 Q1,0.31933173264118153,6.3,6.180828737187571,6.79,1.8600000000000003,0,0
US,1978-06-30,1978 Q2,3.791960442252851,5.9,7.174390485884086,7.6,1.8899999999999988,0,0
US,1978-09-30,1978 Q3,1.000724759740912,6,8.142210471964262,8.45,0.7100000000000009,0,0
US,1978-12-31,1978 Q4,1.3351721942857608,6,8.607460877124318,10.03,0.07000000000000028,0,0
US,1979-03-31,1979 Q1,0.17943273692839767,5.8,9.760178779658446,10.09,-0.370000000000001,0,0
US,1979-06-30,1979 Q2,0.10668835595399884,5.7,10.505277600314411,10.29,-0.25,0,0
US,1979-09-30,1979 Q3,0.740059479598898,5.9,11.225399417723825,11.43,-0.8200000000000003,0,0
US,1979-12-31,1979 Q4,0.24973307670048683,6,12.44698419469481,13.78,-1.709999999999999,0,1
US,1980-03-31,1980 Q1,0.3140774140431901,6.3,13.621020483454949,17.19,-2.5599999999999987,1,1
US,1980-06-30,1980 Q2,-2.081957983157423,7.6,13.335824744185398,9.47,3.0199999999999996,1,1
US,1980-09-30,1980 Q3,-0.11892543806233391,7.5,12.01696716341143,10.87,1.5899999999999999,1,0
US,1980-12-31,1980 Q4,1.8477468485921023,7.2,11.648179929841174,18.9,-3.0600000000000005,0,0
US,1981-03-31,1981 Q1,1.9404726680360085,7.4,10.085600353672142,14.7,-0.22999999999999865,0,0
US,1981-06-30,1981 Q2,-0.7438353150345023,7.5,9.255155736524578,19.1,-0.870000000000001,0,1
US,1981-09-30,1981 Q3,1.1903887506921507,7.6,10.40485708098604,15.87,1.1400000000000006,1,1
US,1981-12-31,1981 Q4,-1.095576312023283,8.5,8.537037078132403,12.37,3.130000000000001,1,1
US,1982-03-31,1982 Q1,-1.565840182690792,9,6.658214258099715,14.68,1.5,1,1
US,1982-06-30,1982 Q2,0.4551397941380486,9.6,6.936112779750214,14.15,1.9699999999999989,1,1
US,1982-09-30,1982 Q3,-0.38299934280559,10.1,4.822737476571604,10.31,3.8100000000000005,1,1
US,1982-12-31,1982 Q4,0.04000078658101813,10.8,3.754351245740306,8.95,2.419999999999999,1,0
US,1983-03-31,1983 Q1,1.3091830874991217,10.3,3.5273366379285243,8.77,2.2699999999999996,0,0
US,1983-06-30,1983 Q2,2.250016454491366,10.1,2.444113515914559,8.98,2.1700000000000017,0,0
US,1983-09-30,1983 Q3,1.979237830682834,9.2,2.7260648208891958,9.45,2.4399999999999995,0,0
US,1983-12-31,1983 Q4,2.064719827400374,8.3,3.7171532108345673,9.47,2.8200000000000003,0,0
US,1984-03-31,1984 Q1,1.9359297100569606,7.8,4.777027626868602,9.91,3.01,0,0
US,1984-06-30,1984 Q2,1.7130055100595953,7.2,4.235000157295321,11.06,3.9700000000000006,0,0
US,1984-09-30,1984 Q3,0.959393118098717,7.3,4.1936910618861845,11.3,2.1000000000000014,0,0
US,1984-12-31,1984 Q4,0.8174229219141793,7.3,3.9637861759038273,8.38,3.49,0,0
US,1985-03-31,1985 Q1,0.9643147316147349,7.2,3.7200283686090962,8.58,3.130000000000001,0,0
US,1985-06-30,1985 Q2,0.8766200074861175,7.4,3.598873233223543,7.53,3.3,0,0
US,1985-09-30,1985 Q3,1.5157260373827697,7.1,3.19576067686711,7.92,3.210000000000001,0,0
US,1985-12-31,1985 Q4,0.7406991828691645,7,3.7213596340434307,8.27,1.9000000000000004,0,0
US,1986-03-31,1986 Q1,0.9294151553612906,7.2,2.1306966312930165,7.48,0.8300000000000001,0,0
US,1986-06-30,1986 Q2,0.44928555450756136,7.2,1.7520042420163584,6.92,1.1399999999999997,0,0
US,1986-09-30,1986 Q3,0.9521209453502877,7,1.7423641147254365,5.89,2.24,0,0
US,1986-12-31,1986 Q4,0.5349594167116223,6.6,1.1802225056627869,6.91,1.7000000000000002,0,0
US,1987-03-31,1987 Q1,0.7391067993541611,6.6,2.801810024957163,6.13,1.92,0,0
US,1987-06-30,1987 Q2,1.0724067520746061,6.2,3.6791946933576902,6.73,2.710000000000001,0,0
US,1987-09-30,1987 Q3,0.86343963330755,5.9,4.183965834290859,7.22,3.2300000000000004,0,0
US,1987-12-31,1987 Q4,1.702383733255708,5.7,4.24091819250938,6.77,3.0600000000000005,0,0
US,1988-03-31,1988 Q1,0.5155512880753221,5.7,3.7608279917159315,6.58,2.87,0,0
US,1988-06-30,1988 Q2,1.3054737675524564,5.4,3.888178754420757,7.51,2.3600000000000003,0,0
US,1988-09-30,1988 Q3,0.5842595204775591,5.4,4.099634723624046,8.19,1.629999999999999,0,0
US,1988-12-31,1988 Q4,1.3236569374035057,5.3,4.31721718652085,8.76,1.0700000000000003,0,0
US,1989-03-31,1989 Q1,1.0112643926211362,5,4.776777373173946,9.85,0.4800000000000004,0,0
US,1989-06-30,1989 Q2,0.7602027800347244,5.3,5.040306774489611,9.53,-0.05000000000000071,0,0
US,1989-09-30,1989 Q3,0.7380056517089173,5.3,4.339608456376176,9.02,0.5600000000000005,0,0
US,1989-12-31,1989 Q4,0.19678730209609085,5.4,4.5351901252959514,8.45,0.2999999999999998,0,0
US,1990-03-31,1990 Q1,1.0869532462091769,5.2,5.104776506602349,8.28,0.75,0,0
US,1990-06-30,1990 Q2,0.3623128836839129,5.2,4.567723146599256,8.29,0.6999999999999993,0,1
US,1990-09-30,1990 Q3,0.06655952356169337,5.9,5.987018949094924,8.2,1.46,1,1
US,1990-12-31,1990 Q4,-0.9145740648071055,6.3,6.067119518113628,7.31,1.3399999999999999,1,1
US,1991-03-31,1991 Q1,-0.4690389148507279,6.8,4.708538667468787,6.12,NA,1,0
US,1991-06-30,1991 Q2,0.7766651894062448,6.9,4.588996205949858,5.9,2.67,0,0
US,1991-09-30,1991 Q3,0.5040860353405563,6.9,3.3398280401848446,5.45,2.25,0,0
US,1991-12-31,1991 Q4,0.34793883481079035,7.3,2.93706867959882,4.43,2.6399999999999997,0,0
US,1992-03-31,1992 Q1,1.1901418421425447,7.4,3.1400900451190594,3.98,3.5,0,0
US,1992-06-30,1992 Q2,1.07846685927111,7.8,2.970156760690923,3.76,3.4799999999999995,0,0
US,1992-09-30,1992 Q3,0.9832602998745443,7.6,2.9487933030643454,3.22,3.46,0,0
US,1992-12-31,1992 Q4,1.037455372331486,7.4,2.923559376223661,2.92,3.48,0,0
US,1993-03-31,1993 Q1,0.1668045262061213,7,2.9747235904729052,3.07,3.08,0,0
US,1993-06-30,1993 Q2,0.5804828773424475,7,2.9538012436863603,3.04,2.73,0,0
US,1993-09-30,1993 Q3,0.47602004747613336,6.7,2.7264883561805675,3.09,2.45,0,0
US,1993-12-31,1993 Q4,1.3509823020076084,6.5,2.7721802930272155,2.96,2.77,0,0
US,1994-03-31,1994 Q1,0.9656852032588148,6.5,2.6172292773265937,3.34,3.2699999999999996,0,0
US,1994-06-30,1994 Q2,1.3460821575336013,6.1,2.4641903936928777,4.25,3.2,0,0
US,1994-09-30,1994 Q3,0.5828824899406726,5.9,2.9223962124570235,4.73,3,0,0
US,1994-12-31,1994 Q4,1.1390581866788096,5.5,2.5642430613337375,5.45,2.24,0,0
US,1995-03-31,1995 Q1,0.35415264608129604,5.4,2.749083613804082,5.98,1.4699999999999998,0,0
US,1995-06-30,1995 Q2,0.2978787465089283,5.6,2.9972273535792127,6,0.7400000000000002,0,0
US,1995-09-30,1995 Q3,0.8471272260706542,5.6,2.5133598118493694,5.8,0.8899999999999997,0,0
US,1995-12-31,1995 Q4,0.6767866746930196,5.6,2.500130220541763,5.6,0.4400000000000004,0,0
US,1996-03-31,1996 Q1,0.7462586731000087,5.5,2.8042267873855664,5.31,1.38,0,0
US,1996-06-30,1996 Q2,1.6541866808907457,5.3,2.782450610942888,5.27,1.6400000000000006,0,0
US,1996-09-30,1996 Q3,0.8930342932712776,5.2,2.9603191305354493,5.3,1.63,0,0
US,1996-12-31,1996 Q4,1.0330155049368628,5.4,3.322989449890734,5.29,1.5199999999999996,0,0
US,1997-03-31,1997 Q1,0.6433691338076031,5.2,2.727730171288556,5.39,1.7800000000000002,0,0
US,1997-06-30,1997 Q2,1.6515051002674142,5,2.208988527228417,5.56,1.58,0,0
US,1997-09-30,1997 Q3,1.2408386319378906,4.9,2.1951336103534835,5.54,1.17,0,0
US,1997-12-31,1997 Q4,0.8502355049371246,4.7,1.6828069280650837,5.5,0.5899999999999999,0,0
US,1998-03-31,1998 Q1,0.9987489886350787,4.7,1.3673301900209545,5.49,0.6399999999999997,0,0
US,1998-06-30,1998 Q2,0.9214296481921735,4.5,1.6099418934181209,5.56,0.45999999999999996,0,0
US,1998-09-30,1998 Q3,1.251081507693641,4.6,1.4167160264780598,5.51,-0.16999999999999993,0,0
US,1998-12-31,1998 Q4,1.5963862490524505,4.4,1.5941477997688303,4.68,0.2600000000000007,0,0
US,1999-03-31,1999 Q1,0.9350485127447072,4.2,1.713628224298791,4.81,0.8099999999999996,0,0
US,1999-06-30,1999 Q2,0.8312781849570072,4.3,1.9465334788103306,4.76,1.2399999999999993,0,0
US,1999-09-30,1999 Q3,1.3171703285781433,4.2,2.59598036957982,5.22,1.2200000000000006,0,0
US,1999-12-31,1999 Q4,1.6273535671066597,4,2.6412099539776968,5.3,1.25,0,0
US,2000-03-31,2000 Q1,0.3621369008051545,4,3.6930939027288723,5.85,0.33999999999999986,0,0
US,2000-06-30,2000 Q2,1.8049010344979521,4,3.6668803637086356,6.53,0.33999999999999986,0,0
US,2000-09-30,2000 Q3,0.10188067037173454,3.9,3.398100819314376,6.52,-0.20000000000000018,0,0
US,2000-12-31,2000 Q4,0.5952635784890248,3.9,3.3783061243644497,6.4,-0.6499999999999995,0,0
US,2001-03-31,2001 Q1,-0.3283372449143229,4.3,2.938845899949971,5.31,0.5099999999999998,0,1
US,2001-06-30,2001 Q2,0.6225609914771724,4.5,3.1440143166975965,3.97,1.9299999999999997,1,1
US,2001-09-30,2001 Q3,-0.4014439041817752,5,2.559138806936634,3.07,1.9599999999999995,1,1
US,2001-12-31,2001 Q4,0.2743986302357726,5.7,1.5909426469977284,1.82,3.3800000000000003,1,0
US,2002-03-31,2002 Q1,0.8328805568895703,5.7,1.3536585717533356,1.73,NA,0,0
US,2002-06-30,2002 Q2,0.6108371693470005,5.8,1.063542070749346,1.75,3.16,0,0
US,2002-09-30,2002 Q3,0.40568740473787557,5.7,1.504625766246015,1.75,2,0,0
US,2002-12-31,2002 Q4,0.1235287243973815,6,2.4500111867899577,1.24,2.64,0,0
US,2003-03-31,2003 Q1,0.5252600765849991,5.9,2.9803530390582367,1.25,2.7,0,0
US,2003-06-30,2003 Q2,0.8817230452867975,6.3,1.9300295812365142,1.22,2.62,0,0
US,2003-09-30,2003 Q3,1.6495202585943503,6.1,2.3504771621375653,1.01,3.02,0,0
US,2003-12-31,2003 Q4,1.1540367047402356,5.7,2.0147700304111282,0.98,3.3699999999999997,0,0
US,2004-03-31,2004 Q1,0.565052023890189,5.8,1.725110166976851,1,2.92,0,0
US,2004-06-30,2004 Q2,0.7719649918941585,5.6,3.1185322826999595,1.03,3.35,0,0
US,2004-09-30,2004 Q3,0.9441229885171154,5.4,2.5074666596375472,1.61,2.4899999999999998,0,0
US,2004-12-31,2004 Q4,1.0150391321133156,5.4,3.2876768004109103,2.16,2.0500000000000003,0,0
US,2005-03-31,2005 Q1,1.1032550529236573,5.2,3.156495615442445,2.63,1.7599999999999998,0,0
US,2005-06-30,2005 Q2,0.49141503086236327,5,2.50927959054863,3.04,0.9699999999999998,0,0
US,2005-09-30,2005 Q3,0.7807581701131383,5,4.6328408046646175,3.62,0.9199999999999999,0,0
US,2005-12-31,2005 Q4,0.5539792372076136,4.9,3.2840303652906577,4.16,0.49999999999999956,0,0
US,2006-03-31,2006 Q1,1.3364138447713003,4.7,3.3608050987300686,4.59,0.35000000000000053,0,0
US,2006-06-30,2006 Q2,0.25841857488995146,4.6,4.096653750655843,4.99,0.3600000000000003,0,0
US,2006-09-30,2006 Q3,0.14984360400802643,4.5,1.992097749455457,5.25,-0.16999999999999993,0,0
US,2006-12-31,2006 Q4,0.8557775565416037,4.4,2.492651488183384,5.24,-0.13999999999999968,0,0
US,2007-03-31,2007 Q1,0.3003840617131104,4.4,2.759763084754141,5.26,-0.29000000000000004,0,0
US,2007-06-30,2007 Q2,0.6098982914680917,4.6,2.657148166818324,5.25,0.41999999999999993,0,0
US,2007-09-30,2007 Q3,0.5743731109307149,4.7,2.7944163782901654,4.94,0.6999999999999997,0,0
US,2007-12-31,2007 Q4,0.6262715512194816,5,4.026644880051222,4.24,1.04,0,1
US,2008-03-31,2008 Q1,-0.42767755900321447,5.1,3.8979372014913416,2.61,2.1900000000000004,1,1
US,2008-06-30,2008 Q2,0.5936625931315831,5.6,4.818013152732981,2,2.13,1,1
US,2008-09-30,2008 Q3,-0.5266423802783748,6.1,4.834549269997446,1.81,2.72,1,1
US,2008-12-31,2008 Q4,-2.2133412739485436,7.3,-0.022230473340467682,0.16,2.22,1,1
US,2009-03-31,2009 Q1,-1.1413631359902254,8.7,-0.4474784608338389,0.18,2.5,1,1
US,2009-06-30,2009 Q2,-0.178810721762801,9.5,-1.2367914498850219,0.21,3.3499999999999996,1,0
US,2009-09-30,2009 Q3,0.3505771547139602,9.8,-1.3875246181172862,0.15,3.19,0,0
US,2009-12-31,2009 Q4,1.0751135379244658,9.9,2.7752542063598895,0.12,3.8000000000000003,0,0
US,2010-03-31,2010 Q1,0.483331022067901,9.9,2.260430128615809,0.16,3.69,0,0
US,2010-06-30,2010 Q2,0.9629349822608546,9.4,1.1153177381444834,0.18,2.85,0,0
US,2010-09-30,2010 Q3,0.7681272705003295,9.5,1.1121053678139425,0.19,2.38,0,0
US,2010-12-31,2010 Q4,0.523736364445071,9.3,1.4275547979703873,0.18,3.1599999999999997,0,0
US,2011-03-31,2011 Q1,-0.23748667360496967,9,2.5855268252593433,0.14,3.37,0,0
US,2011-06-30,2011 Q2,0.6743037468666557,9.1,3.442382405719613,0.09,3.14,0,0
US,2011-09-30,2011 Q3,-0.0223152255784953,9,3.7417373621400074,0.08,1.91,0,0
US,2011-12-31,2011 Q4,1.1167896811464573,8.5,3.01612114209604,0.07,1.88,0,0
US,2012-03-31,2012 Q1,0.8350941818790147,8.2,2.55008252286002,0.13,2.15,0,0
US,2012-06-30,2012 Q2,0.4453416266322563,8.2,1.6403429586643092,0.16,1.5799999999999998,0,0
US,2012-09-30,2012 Q3,0.14392437648620415,7.8,1.9309534160266928,0.14,1.5399999999999998,0,0
US,2012-12-31,2012 Q4,0.11557374157504796,7.9,1.74420490055045,0.16,1.71,0,0
US,2013-03-31,2013 Q1,0.9817259265515688,7.5,1.5073297321459123,0.14,NA,0,0
US,2013-06-30,2013 Q2,0.26727882651371715,7.5,1.7012400261643634,0.09,2.47,0,0
US,2013-09-30,2013 Q3,0.8477896552497199,7.2,1.088785270925996,0.08,2.62,0,0
US,2013-12-31,2013 Q4,0.8679640238263175,6.7,1.5015090867017022,0.09,2.97,0,0
US,2014-03-31,2014 Q1,-0.34569281496601434,6.7,1.5998291291059452,0.08,2.68,0,0
US,2014-06-30,2014 Q2,1.2835690229149321,6.1,2.0380712080756425,0.1,2.4899999999999998,0,0
US,2014-09-30,2014 Q3,1.2080648325781596,5.9,1.6700280492135455,0.09,2.5,0,0
US,2014-12-31,2014 Q4,0.5044586015433339,5.6,0.6509977956253188,0.12,2.14,0,0
US,2015-03-31,2015 Q1,0.8964547876924911,5.4,-0.02203371166791257,0.11,1.91,0,0
US,2015-06-30,2015 Q2,0.6174946582536478,5.3,0.17941077233718516,0.13,2.33,0,0
US,2015-09-30,2015 Q3,0.39944621156902116,5,0.008842570667333405,0.14,2.04,0,0
US,2015-12-31,2015 Q4,0.18430917271050618,5,0.6366935496003201,0.24,2.04,0,0
US,2016-03-31,2016 Q1,0.5778466518471248,5,0.8876646705649804,0.36,1.49,0,0
US,2016-06-30,2016 Q2,0.32060956626729364,4.9,1.0735038085898374,0.38,1.22,0,0
US,2016-09-30,2016 Q3,0.7068859191104337,5,1.5367755028160346,0.4,1.31,0,0
US,2016-12-31,2016 Q4,0.5527685286210726,4.7,2.0300531865359517,0.54,1.9400000000000002,0,0
US,2017-03-31,2017 Q1,0.48570873310360696,4.4,2.411875271120234,0.79,1.66,0,0
US,2017-06-30,2017 Q2,0.5583111012978037,4.3,1.6272539252383034,1.04,1.33,0,0
US,2017-09-30,2017 Q3,0.785431525684821,4.3,2.1571309611642775,1.15,1.3,0,0
US,2017-12-31,2017 Q4,1.1207427769393874,4.1,2.107564724618083,1.3,1.0799999999999998,0,0
US,2018-03-31,2018 Q1,0.8101194549169577,4,2.30419804576103,1.51,NA,0,0
US,2018-06-30,2018 Q2,0.5294212303768475,4,2.768861466242001,1.82,0.9500000000000002,0,0
US,2018-09-30,2018 Q3,0.621760482522582,3.7,2.3052782030269725,1.95,0.9199999999999999,0,0
US,2018-12-31,2018 Q4,0.14154399831838305,3.9,1.9825969223167483,2.27,0.31999999999999984,0,0
US,2019-03-31,2019 Q1,0.6223772907267389,3.8,1.865673916713817,2.41,0.010000000000000231,0,0
US,2019-06-30,2019 Q2,0.8316777932895647,3.6,1.6573840904157144,2.38,-0.16999999999999993,0,0
US,2019-09-30,2019 Q3,1.1632102580909631,3.5,1.6704673825508998,2.04,-0.20999999999999996,0,0
US,2019-12-31,2019 Q4,0.6795635968053659,3.6,2.2930353112747603,1.55,0.3799999999999999,0,1
US,2020-03-31,2020 Q1,-1.3250619707966038,4.4,1.4829891206053603,0.65,0.41,1,1
US,2020-06-30,2020 Q2,-8.204320604026982,11,0.7141005055379956,0.08,0.5,1,0
US,2020-09-30,2020 Q3,7.4757496362447995,7.8,1.3814369605231747,0.09,0.58,0,0
US,2020-12-31,2020 Q4,1.127138965704333,6.7,1.3117775848018987,0.09,0.8400000000000001,0,0
US,2021-03-31,2021 Q1,1.386164653473898,6.1,2.589818557333068,0.07,1.71,0,0
US,2021-06-30,2021 Q2,1.6875713541763204,5.9,5.180864153386899,0.08,1.41,0,0
US,2021-09-30,2021 Q3,0.8216679141918704,4.7,5.224631266140722,0.08,1.48,0,0
US,2021-12-31,2021 Q4,1.701202308971439,3.9,6.914779470677956,0.08,1.46,0,0
US,2022-03-31,2022 Q1,-0.2551237912953752,3.7,8.195577028061951,0.2,1.88,0,0
US,2022-06-30,2022 Q2,0.1564245950852694,3.6,8.617125715539586,1.21,1.49,0,0
US,2022-09-30,2022 Q3,0.719306332529257,3.5,7.8864335965776355,2.56,0.7000000000000002,0,0
US,2022-12-31,2022 Q4,0.6878691350323152,3.5,6.2137187217222944,4.1,-0.3700000000000001,0,0
US,2023-03-31,2023 Q1,0.7212436699248315,3.5,4.8136127874860435,4.65,-1.2100000000000004,0,0
US,2023-06-30,2023 Q2,0.6259090548015322,3.6,3.013391192920434,5.08,-1.35,0,0
US,2023-09-30,2023 Q3,1.1470027396091709,3.8,3.6284506061438293,5.33,-0.7300000000000004,0,0
US,2023-12-31,2023 Q4,0.8405149026469161,3.8,3.2682077104079,5.33,-1.3600000000000003,0,0
US,2024-03-31,2024 Q1,0.20964144146446984,3.9,3.410187881841953,5.33,NA,0,0
US,2024-06-30,2024 Q2,0.8815888542736516,4.1,2.9268327046257703,5.33,-0.8799999999999999,0,0
US,2024-09-30,2024 Q3,0.8213953149049047,4.1,2.4034263869276096,5.13,-0.9099999999999997,0,0
US,2024-12-31,2024 Q4,0.45882049283303417,4.1,2.8318871406153967,4.48,0.3100000000000005,0,0
US,2025-03-31,2025 Q1,-0.16264860564216832,4.2,2.377106872389234,4.33,0.03000000000000025,0,0
US,2025-06-30,2025 Q2,0.9415531607956495,4.1,2.637591034548059,4.33,0.009999999999999787,0,NA
